Gene,Mutation,Drug,Confers,Interaction,Literature
rpoB,p.Glu438Val,rifampicin,,,https://doi.org/10.1016/j.idnow.2022.04.001
rpoB,p.Met440Phe,rifampicin,,,https://doi.org/10.1016/j.idnow.2022.04.001
rpoB,p.Met440Lys,rifampicin,,,https://doi.org/10.1016/j.idnow.2022.04.001
rpoB,p.Asp441Asn,rifampicin,,,https://doi.org/10.1016/j.idnow.2022.04.001
rpoB,p.Asp441Tyr,rifampicin,,,https://doi.org/10.1016/j.idnow.2022.04.001
rpoB,p.Asp441Val,rifampicin,,,https://doi.org/10.1016/j.idnow.2022.04.001
rpoB,p.His451Leu,rifampicin,,,https://doi.org/10.1016/j.idnow.2022.04.001
rpoB,p.His451Ser,rifampicin,,,https://doi.org/10.1016/j.idnow.2022.04.001
rpoB,p.Ser456Leu,rifampicin,,,https://doi.org/10.1016/j.idnow.2022.04.001
rpoB,p.Ser456Met,rifampicin,,,https://doi.org/10.1016/j.idnow.2022.04.001
rpoB,p.Ser456Trp,rifampicin,,,https://doi.org/10.1016/j.idnow.2022.04.001
rpoB,p.Ser456Phe,rifampicin,,,https://doi.org/10.1016/j.idnow.2022.04.001
rpoB,p.Leu458Pro,rifampicin,,,https://doi.org/10.1016/j.idnow.2022.04.001
rpoB,p.Leu458Val,rifampicin,,,https://doi.org/10.1016/j.idnow.2022.04.001
folP1,p.Pro55Leu,dapsone,resistance,,10.1038/s41467-017-02576-z
folP1,p.Pro55Ser,dapsone,resistance,,10.1016/j.idnow.2022.04.001
folP1,p.Pro55Arg,dapsone,resistance,,10.1038/s41467-017-02576-z
folP1,p.Thr53Ile,dapsone,resistance,,10.1038/s41467-017-02576-z
folP1,p.Thr53Arg,dapsone,resistance,,10.1038/s41467-017-02576-z
folP1,p.Thr53Ala,dapsone,resistance,,10.1016/j.cmi.2018.02.022
folP1,p.Thr53Val,dapsone,resistance,,10.1016/j.idnow.2022.04.001
gyrA,p.Ala91Val,fluoroquinolones,resistance,,10.1038/s41467-017-02576-z
gyrA,p.Ala91Thr,fluoroquinolones,resistance,,10.1016/j.idnow.2022.04.001
gyrA,p.Gly89Cys,fluoroquinolones,resistance,,10.1016/j.idnow.2022.04.001